samples,timestamp,label
"[{'t_us': 361835898, 'ax': -0.85, 'ay': 0.01, 'az': 0.38, 'gx': -3.39, 'gy': 3.48, 'gz': -0.11}, {'t_us': 361854300, 'ax': -0.85, 'ay': 0.01, 'az': 0.37, 'gx': -3.11, 'gy': 3.31, 'gz': -0.05}, {'t_us': 361874344, 'ax': -0.84, 'ay': 0.01, 'az': 0.37, 'gx': -3.21, 'gy': 3.44, 'gz': -0.02}, {'t_us': 361894363, 'ax': -0.84, 'ay': 0.01, 'az': 0.37, 'gx': -3.28, 'gy': 3.37, 'gz': -0.02}, {'t_us': 361914340, 'ax': -0.85, 'ay': 0.01, 'az': 0.37, 'gx': -3.33, 'gy': 3.63, 'gz': 0.15}]",2026-02-02 10:29:54,0.0
"[{'t_us': 361940993, 'ax': -0.85, 'ay': 0.0, 'az': 0.37, 'gx': -3.33, 'gy': 3.47, 'gz': 0.14}, {'t_us': 361954295, 'ax': -0.84, 'ay': 0.0, 'az': 0.37, 'gx': -3.25, 'gy': 3.53, 'gz': 0.06}, {'t_us': 361974325, 'ax': -0.84, 'ay': 0.01, 'az': 0.37, 'gx': -3.36, 'gy': 3.57, 'gz': -0.31}, {'t_us': 361994354, 'ax': -0.85, 'ay': 0.0, 'az': 0.37, 'gx': -3.59, 'gy': 3.66, 'gz': -0.27}, {'t_us': 362014340, 'ax': -0.85, 'ay': 0.0, 'az': 0.38, 'gx': -3.65, 'gy': 3.33, 'gz': -0.29}]",2026-02-02 10:29:54,0.0
"[{'t_us': 362038933, 'ax': -0.85, 'ay': 0.0, 'az': 0.37, 'gx': -3.68, 'gy': 3.42, 'gz': -0.26}, {'t_us': 362054344, 'ax': -0.86, 'ay': 0.01, 'az': 0.37, 'gx': -3.62, 'gy': 3.47, 'gz': -0.15}, {'t_us': 362074359, 'ax': -0.86, 'ay': 0.02, 'az': 0.37, 'gx': -3.51, 'gy': 1.59, 'gz': -0.24}, {'t_us': 362094351, 'ax': -0.85, 'ay': 0.02, 'az': 0.37, 'gx': -3.44, 'gy': 1.5, 'gz': -0.08}, {'t_us': 362114359, 'ax': -0.83, 'ay': 0.01, 'az': 0.38, 'gx': -3.45, 'gy': 2.2, 'gz': -0.09}]",2026-02-02 10:29:54,0.0
"[{'t_us': 362138607, 'ax': -0.84, 'ay': 0.01, 'az': 0.37, 'gx': -3.44, 'gy': 3.01, 'gz': -0.05}, {'t_us': 362154354, 'ax': -0.84, 'ay': 0.01, 'az': 0.36, 'gx': -3.51, 'gy': 3.05, 'gz': 0.11}, {'t_us': 362174295, 'ax': -0.84, 'ay': 0.0, 'az': 0.37, 'gx': -3.51, 'gy': 3.05, 'gz': 0.23}, {'t_us': 362194325, 'ax': -0.85, 'ay': 0.0, 'az': 0.38, 'gx': -3.4, 'gy': 2.93, 'gz': 0.24}, {'t_us': 362214294, 'ax': -0.85, 'ay': 0.01, 'az': 0.36, 'gx': -3.31, 'gy': 2.95, 'gz': 0.06}]",2026-02-02 10:29:54,0.0
"[{'t_us': 362238664, 'ax': -0.85, 'ay': 0.01, 'az': 0.37, 'gx': -3.33, 'gy': 2.78, 'gz': -0.31}, {'t_us': 362254300, 'ax': -0.85, 'ay': 0.02, 'az': 0.37, 'gx': -3.53, 'gy': 2.69, 'gz': -0.32}, {'t_us': 362274350, 'ax': -0.85, 'ay': 0.01, 'az': 0.38, 'gx': -3.57, 'gy': 3.04, 'gz': -0.37}, {'t_us': 362294303, 'ax': -0.85, 'ay': 0.01, 'az': 0.37, 'gx': -3.5, 'gy': 3.48, 'gz': -0.08}, {'t_us': 362314312, 'ax': -0.85, 'ay': 0.01, 'az': 0.37, 'gx': -3.42, 'gy': 3.22, 'gz': 0.02}]",2026-02-02 10:29:54,0.0
"[{'t_us': 362338662, 'ax': -0.85, 'ay': -0.0, 'az': 0.37, 'gx': -3.28, 'gy': 3.08, 'gz': 0.08}, {'t_us': 362354332, 'ax': -0.84, 'ay': 0.01, 'az': 0.37, 'gx': -3.28, 'gy': 3.1, 'gz': -0.03}, {'t_us': 362374340, 'ax': -0.85, 'ay': 0.01, 'az': 0.38, 'gx': -3.51, 'gy': 2.82, 'gz': -0.08}, {'t_us': 362394340, 'ax': -0.85, 'ay': 0.0, 'az': 0.37, 'gx': -3.62, 'gy': 2.9, 'gz': -0.32}, {'t_us': 362414295, 'ax': -0.84, 'ay': 0.01, 'az': 0.37, 'gx': -3.57, 'gy': 2.93, 'gz': -0.11}]",2026-02-02 10:29:55,0.0
"[{'t_us': 362440884, 'ax': -0.85, 'ay': 0.01, 'az': 0.37, 'gx': -3.47, 'gy': 2.99, 'gz': 0.47}, {'t_us': 362454312, 'ax': -0.85, 'ay': 0.0, 'az': 0.37, 'gx': -3.36, 'gy': 3.16, 'gz': 0.32}, {'t_us': 362474354, 'ax': -0.84, 'ay': 0.01, 'az': 0.37, 'gx': -3.33, 'gy': 3.1, 'gz': 0.46}, {'t_us': 362494363, 'ax': -0.85, 'ay': 0.01, 'az': 0.37, 'gx': -3.45, 'gy': 3.42, 'gz': -0.2}, {'t_us': 362514295, 'ax': -0.84, 'ay': 0.01, 'az': 0.38, 'gx': -3.44, 'gy': 3.51, 'gz': -0.46}]",2026-02-02 10:29:55,0.0
"[{'t_us': 362538774, 'ax': -0.84, 'ay': 0.01, 'az': 0.38, 'gx': -3.53, 'gy': 3.82, 'gz': -0.6}, {'t_us': 362554317, 'ax': -0.84, 'ay': 0.01, 'az': 0.38, 'gx': -3.48, 'gy': 3.5, 'gz': -0.37}, {'t_us': 362574316, 'ax': -0.84, 'ay': 0.01, 'az': 0.37, 'gx': -3.45, 'gy': 3.13, 'gz': -0.09}, {'t_us': 362594334, 'ax': -0.85, 'ay': 0.01, 'az': 0.37, 'gx': -3.54, 'gy': 3.08, 'gz': -0.27}, {'t_us': 362614363, 'ax': -0.85, 'ay': 0.01, 'az': 0.37, 'gx': -3.74, 'gy': 3.37, 'gz': -0.23}]",2026-02-02 10:29:55,0.0
"[{'t_us': 362640900, 'ax': -0.85, 'ay': 0.01, 'az': 0.38, 'gx': -4.12, 'gy': 3.28, 'gz': -0.26}, {'t_us': 362654344, 'ax': -0.85, 'ay': 0.01, 'az': 0.37, 'gx': -3.94, 'gy': 3.5, 'gz': -0.4}, {'t_us': 362674309, 'ax': -0.85, 'ay': 0.0, 'az': 0.38, 'gx': -4.02, 'gy': 3.98, 'gz': -0.43}, {'t_us': 362694300, 'ax': -0.85, 'ay': 0.01, 'az': 0.36, 'gx': -3.76, 'gy': 2.64, 'gz': -0.34}, {'t_us': 362714363, 'ax': -0.85, 'ay': 0.0, 'az': 0.37, 'gx': -3.71, 'gy': 2.2, 'gz': -0.37}]",2026-02-02 10:29:55,0.0
"[{'t_us': 362740548, 'ax': -0.84, 'ay': 0.01, 'az': 0.37, 'gx': -3.68, 'gy': 2.41, 'gz': -0.35}, {'t_us': 362755560, 'ax': -0.85, 'ay': 0.01, 'az': 0.36, 'gx': -3.5, 'gy': 2.98, 'gz': -0.12}, {'t_us': 362774359, 'ax': -0.85, 'ay': 0.01, 'az': 0.37, 'gx': -3.51, 'gy': 3.05, 'gz': -0.03}, {'t_us': 362794318, 'ax': -0.84, 'ay': 0.01, 'az': 0.37, 'gx': -3.51, 'gy': 3.33, 'gz': 0.32}, {'t_us': 362814350, 'ax': -0.84, 'ay': 0.0, 'az': 0.37, 'gx': -3.59, 'gy': 3.57, 'gz': 0.41}]",2026-02-02 10:29:55,0.0
"[{'t_us': 362838894, 'ax': -0.85, 'ay': 0.01, 'az': 0.37, 'gx': -3.59, 'gy': 3.08, 'gz': -0.29}, {'t_us': 362854354, 'ax': -0.85, 'ay': 0.01, 'az': 0.38, 'gx': -3.62, 'gy': 2.92, 'gz': -0.6}, {'t_us': 362874363, 'ax': -0.85, 'ay': 0.01, 'az': 0.37, 'gx': -3.56, 'gy': 2.95, 'gz': -0.72}, {'t_us': 362894363, 'ax': -0.85, 'ay': 0.01, 'az': 0.37, 'gx': -3.53, 'gy': 3.4, 'gz': -0.26}, {'t_us': 362914363, 'ax': -0.85, 'ay': 0.01, 'az': 0.37, 'gx': -3.54, 'gy': 3.68, 'gz': 0.08}]",2026-02-02 10:29:55,0.0
"[{'t_us': 362940590, 'ax': -0.85, 'ay': 0.0, 'az': 0.36, 'gx': -3.44, 'gy': 3.22, 'gz': 0.27}, {'t_us': 362954359, 'ax': -0.85, 'ay': 0.01, 'az': 0.37, 'gx': -3.57, 'gy': 3.19, 'gz': -0.23}, {'t_us': 362974363, 'ax': -0.84, 'ay': 0.01, 'az': 0.37, 'gx': -3.62, 'gy': 2.89, 'gz': -0.44}, {'t_us': 362994295, 'ax': -0.85, 'ay': 0.01, 'az': 0.38, 'gx': -3.47, 'gy': 3.08, 'gz': -0.41}, {'t_us': 363014295, 'ax': -0.84, 'ay': 0.01, 'az': 0.37, 'gx': -3.6, 'gy': 3.37, 'gz': 0.18}]",2026-02-02 10:29:55,0.0
"[{'t_us': 363040513, 'ax': -0.85, 'ay': 0.01, 'az': 0.37, 'gx': -3.68, 'gy': 3.3, 'gz': 0.26}, {'t_us': 363054325, 'ax': -0.84, 'ay': 0.0, 'az': 0.37, 'gx': -3.71, 'gy': 3.07, 'gz': 0.31}, {'t_us': 363074326, 'ax': -0.85, 'ay': 0.01, 'az': 0.36, 'gx': -3.56, 'gy': 3.08, 'gz': 0.23}, {'t_us': 363094300, 'ax': -0.85, 'ay': 0.01, 'az': 0.38, 'gx': -3.44, 'gy': 3.11, 'gz': 0.34}, {'t_us': 363114334, 'ax': -0.85, 'ay': 0.01, 'az': 0.37, 'gx': -3.3, 'gy': 3.13, 'gz': 0.14}]",2026-02-02 10:29:55,0.0
"[{'t_us': 363140660, 'ax': -0.85, 'ay': 0.01, 'az': 0.37, 'gx': -3.1, 'gy': 3.28, 'gz': 0.26}, {'t_us': 363154320, 'ax': -0.85, 'ay': 0.01, 'az': 0.37, 'gx': -3.05, 'gy': 3.01, 'gz': 0.38}, {'t_us': 363174325, 'ax': -0.84, 'ay': 0.0, 'az': 0.37, 'gx': -3.15, 'gy': 3.22, 'gz': 0.49}, {'t_us': 363194304, 'ax': -0.85, 'ay': 0.0, 'az': 0.37, 'gx': -3.21, 'gy': 3.25, 'gz': 0.64}, {'t_us': 363214312, 'ax': -0.85, 'ay': 0.01, 'az': 0.37, 'gx': -2.85, 'gy': 2.99, 'gz': 0.5}]",2026-02-02 10:29:55,0.0
"[{'t_us': 363240807, 'ax': -0.85, 'ay': 0.01, 'az': 0.38, 'gx': -2.93, 'gy': 2.93, 'gz': -0.08}, {'t_us': 363254325, 'ax': -0.84, 'ay': 0.01, 'az': 0.38, 'gx': -3.08, 'gy': 2.89, 'gz': -0.35}, {'t_us': 363274340, 'ax': -0.85, 'ay': 0.01, 'az': 0.38, 'gx': -3.05, 'gy': 3.22, 'gz': -0.26}, {'t_us': 363294298, 'ax': -0.85, 'ay': 0.01, 'az': 0.36, 'gx': -2.93, 'gy': 3.39, 'gz': -0.12}, {'t_us': 363314344, 'ax': -0.84, 'ay': 0.0, 'az': 0.37, 'gx': -2.92, 'gy': 3.37, 'gz': 0.08}]",2026-02-02 10:29:55,0.0
"[{'t_us': 363338981, 'ax': -0.85, 'ay': 0.01, 'az': 0.38, 'gx': -3.16, 'gy': 3.36, 'gz': -0.41}, {'t_us': 363354327, 'ax': -0.85, 'ay': 0.01, 'az': 0.37, 'gx': -3.21, 'gy': 2.37, 'gz': -0.21}, {'t_us': 363374340, 'ax': -0.85, 'ay': 0.01, 'az': 0.37, 'gx': -3.07, 'gy': 1.95, 'gz': -0.27}, {'t_us': 363394325, 'ax': -0.84, 'ay': 0.01, 'az': 0.38, 'gx': -3.33, 'gy': 2.03, 'gz': -0.2}, {'t_us': 363414300, 'ax': -0.84, 'ay': 0.01, 'az': 0.37, 'gx': -3.31, 'gy': 2.58, 'gz': -0.32}]",2026-02-02 10:29:56,0.0
"[{'t_us': 363438865, 'ax': -0.84, 'ay': 0.02, 'az': 0.38, 'gx': -3.24, 'gy': 3.07, 'gz': -0.21}, {'t_us': 363454354, 'ax': -0.85, 'ay': 0.02, 'az': 0.38, 'gx': -3.47, 'gy': 3.4, 'gz': -0.11}, {'t_us': 363474363, 'ax': -0.85, 'ay': 0.02, 'az': 0.37, 'gx': -3.76, 'gy': 3.36, 'gz': 0.12}, {'t_us': 363494350, 'ax': -0.84, 'ay': 0.01, 'az': 0.38, 'gx': -3.59, 'gy': 3.1, 'gz': 0.02}, {'t_us': 363514362, 'ax': -0.85, 'ay': 0.01, 'az': 0.36, 'gx': -3.57, 'gy': 3.19, 'gz': -0.2}]",2026-02-02 10:29:56,0.0
"[{'t_us': 363539081, 'ax': -0.85, 'ay': 0.02, 'az': 0.38, 'gx': -3.62, 'gy': 3.53, 'gz': -0.05}, {'t_us': 363554300, 'ax': -0.84, 'ay': 0.02, 'az': 0.37, 'gx': -3.77, 'gy': 3.39, 'gz': -0.03}, {'t_us': 363574307, 'ax': -0.85, 'ay': 0.01, 'az': 0.37, 'gx': -3.95, 'gy': 3.45, 'gz': -0.03}, {'t_us': 363594371, 'ax': -0.85, 'ay': 0.01, 'az': 0.38, 'gx': -3.83, 'gy': 3.51, 'gz': -0.2}, {'t_us': 363614300, 'ax': -0.85, 'ay': 0.02, 'az': 0.37, 'gx': -3.83, 'gy': 3.05, 'gz': -0.06}]",2026-02-02 10:29:56,0.0
"[{'t_us': 363640464, 'ax': -0.85, 'ay': 0.02, 'az': 0.37, 'gx': -3.76, 'gy': 2.87, 'gz': -0.21}, {'t_us': 363654334, 'ax': -0.84, 'ay': 0.01, 'az': 0.38, 'gx': -3.76, 'gy': 3.02, 'gz': -0.18}, {'t_us': 363674300, 'ax': -0.85, 'ay': 0.01, 'az': 0.37, 'gx': -3.47, 'gy': 3.59, 'gz': 0.2}, {'t_us': 363694334, 'ax': -0.85, 'ay': 0.0, 'az': 0.38, 'gx': -3.44, 'gy': 3.82, 'gz': 0.34}, {'t_us': 363714295, 'ax': -0.84, 'ay': 0.01, 'az': 0.38, 'gx': -3.5, 'gy': 3.53, 'gz': 0.11}]",2026-02-02 10:29:56,0.0
"[{'t_us': 363738932, 'ax': -0.84, 'ay': 0.01, 'az': 0.38, 'gx': -3.59, 'gy': 2.79, 'gz': -0.4}, {'t_us': 363754295, 'ax': -0.85, 'ay': 0.02, 'az': 0.36, 'gx': -3.57, 'gy': 2.76, 'gz': -0.35}, {'t_us': 363774325, 'ax': -0.84, 'ay': 0.01, 'az': 0.37, 'gx': -3.59, 'gy': 2.75, 'gz': -0.17}, {'t_us': 363794295, 'ax': -0.85, 'ay': 0.01, 'az': 0.37, 'gx': -3.48, 'gy': 2.79, 'gz': -0.21}, {'t_us': 363814312, 'ax': -0.84, 'ay': 0.01, 'az': 0.38, 'gx': -3.5, 'gy': 3.04, 'gz': -0.03}]",2026-02-02 10:29:56,0.0
"[{'t_us': 363838779, 'ax': -0.84, 'ay': 0.01, 'az': 0.37, 'gx': -3.47, 'gy': 3.34, 'gz': -0.09}, {'t_us': 363854307, 'ax': -0.85, 'ay': 0.01, 'az': 0.37, 'gx': -3.36, 'gy': 3.4, 'gz': -0.14}, {'t_us': 363874307, 'ax': -0.85, 'ay': 0.01, 'az': 0.37, 'gx': -3.42, 'gy': 3.02, 'gz': -0.09}, {'t_us': 363894340, 'ax': -0.85, 'ay': 0.01, 'az': 0.37, 'gx': -3.54, 'gy': 2.4, 'gz': -0.23}, {'t_us': 363914359, 'ax': -0.85, 'ay': 0.01, 'az': 0.36, 'gx': -3.57, 'gy': 2.4, 'gz': -0.2}]",2026-02-02 10:29:56,0.0
"[{'t_us': 363940778, 'ax': -0.85, 'ay': 0.01, 'az': 0.36, 'gx': -3.63, 'gy': 2.82, 'gz': -0.12}, {'t_us': 363954295, 'ax': -0.85, 'ay': 0.01, 'az': 0.36, 'gx': -3.47, 'gy': 3.13, 'gz': -0.09}, {'t_us': 363974325, 'ax': -0.85, 'ay': 0.01, 'az': 0.38, 'gx': -3.53, 'gy': 3.53, 'gz': -0.18}, {'t_us': 363994346, 'ax': -0.84, 'ay': 0.01, 'az': 0.37, 'gx': -3.56, 'gy': 3.48, 'gz': -0.21}, {'t_us': 364014334, 'ax': -0.84, 'ay': 0.01, 'az': 0.37, 'gx': -3.6, 'gy': 3.37, 'gz': -0.11}]",2026-02-02 10:29:56,0.0
"[{'t_us': 364040662, 'ax': -0.86, 'ay': 0.01, 'az': 0.38, 'gx': -3.45, 'gy': 3.27, 'gz': -0.29}, {'t_us': 364054336, 'ax': -0.86, 'ay': 0.01, 'az': 0.36, 'gx': -3.6, 'gy': 2.38, 'gz': -0.09}, {'t_us': 364074350, 'ax': -0.85, 'ay': 0.01, 'az': 0.38, 'gx': -3.18, 'gy': 1.33, 'gz': 0.18}, {'t_us': 364094325, 'ax': -0.84, 'ay': 0.01, 'az': 0.38, 'gx': -3.36, 'gy': 1.77, 'gz': 0.09}, {'t_us': 364114339, 'ax': -0.84, 'ay': 0.01, 'az': 0.37, 'gx': -3.25, 'gy': 2.18, 'gz': -0.21}]",2026-02-02 10:29:56,0.0
"[{'t_us': 364140654, 'ax': -0.84, 'ay': 0.01, 'az': 0.38, 'gx': -3.3, 'gy': 3.1, 'gz': -0.27}, {'t_us': 364154295, 'ax': -0.84, 'ay': 0.01, 'az': 0.37, 'gx': -3.34, 'gy': 3.4, 'gz': -0.2}, {'t_us': 364174300, 'ax': -0.84, 'ay': 0.0, 'az': 0.38, 'gx': -3.44, 'gy': 3.54, 'gz': -0.18}, {'t_us': 364194300, 'ax': -0.85, 'ay': 0.01, 'az': 0.36, 'gx': -3.3, 'gy': 3.45, 'gz': -0.09}, {'t_us': 364214363, 'ax': -0.85, 'ay': 0.01, 'az': 0.38, 'gx': -3.45, 'gy': 3.11, 'gz': -0.17}]",2026-02-02 10:29:56,0.0
"[{'t_us': 364239187, 'ax': -0.84, 'ay': 0.01, 'az': 0.37, 'gx': -3.44, 'gy': 3.13, 'gz': -0.2}, {'t_us': 364254310, 'ax': -0.85, 'ay': 0.01, 'az': 0.38, 'gx': -3.39, 'gy': 3.16, 'gz': -0.17}, {'t_us': 364274307, 'ax': -0.85, 'ay': 0.01, 'az': 0.38, 'gx': -3.48, 'gy': 3.56, 'gz': -0.08}, {'t_us': 364294307, 'ax': -0.84, 'ay': 0.01, 'az': 0.38, 'gx': -3.37, 'gy': 3.6, 'gz': -0.03}, {'t_us': 364314363, 'ax': -0.84, 'ay': 0.01, 'az': 0.37, 'gx': -3.45, 'gy': 3.16, 'gz': -0.05}]",2026-02-02 10:29:56,0.0
"[{'t_us': 364341243, 'ax': -0.85, 'ay': 0.01, 'az': 0.37, 'gx': -3.48, 'gy': 3.24, 'gz': -0.18}, {'t_us': 364354325, 'ax': -0.84, 'ay': 0.01, 'az': 0.38, 'gx': -3.5, 'gy': 3.56, 'gz': -0.15}, {'t_us': 364374307, 'ax': -0.85, 'ay': 0.01, 'az': 0.38, 'gx': -3.37, 'gy': 3.62, 'gz': -0.14}, {'t_us': 364394307, 'ax': -0.85, 'ay': 0.01, 'az': 0.37, 'gx': -3.39, 'gy': 3.76, 'gz': -0.06}, {'t_us': 364414301, 'ax': -0.85, 'ay': 0.01, 'az': 0.38, 'gx': -3.6, 'gy': 3.59, 'gz': 0.05}]",2026-02-02 10:29:57,0.0
"[{'t_us': 364441048, 'ax': -0.85, 'ay': 0.01, 'az': 0.37, 'gx': -3.56, 'gy': 3.27, 'gz': 0.08}, {'t_us': 364454318, 'ax': -0.85, 'ay': 0.01, 'az': 0.37, 'gx': -3.65, 'gy': 3.08, 'gz': 0.24}, {'t_us': 364474318, 'ax': -0.84, 'ay': 0.01, 'az': 0.37, 'gx': -3.56, 'gy': 2.92, 'gz': 0.26}, {'t_us': 364494325, 'ax': -0.85, 'ay': 0.01, 'az': 0.38, 'gx': -3.48, 'gy': 2.98, 'gz': 0.03}, {'t_us': 364514354, 'ax': -0.84, 'ay': 0.01, 'az': 0.37, 'gx': -3.6, 'gy': 3.08, 'gz': 0.09}]",2026-02-02 10:29:57,0.0
"[{'t_us': 364541327, 'ax': -0.85, 'ay': 0.01, 'az': 0.38, 'gx': -3.45, 'gy': 3.07, 'gz': 0.41}, {'t_us': 364555804, 'ax': -0.85, 'ay': 0.01, 'az': 0.38, 'gx': -3.37, 'gy': 3.11, 'gz': 0.11}, {'t_us': 364574340, 'ax': -0.84, 'ay': 0.01, 'az': 0.38, 'gx': -3.33, 'gy': 3.08, 'gz': 0.06}, {'t_us': 364594295, 'ax': -0.85, 'ay': 0.01, 'az': 0.37, 'gx': -3.54, 'gy': 3.16, 'gz': 0.06}, {'t_us': 364614353, 'ax': -0.85, 'ay': 0.01, 'az': 0.38, 'gx': -3.31, 'gy': 2.89, 'gz': -0.08}]",2026-02-02 10:29:57,0.0
"[{'t_us': 364639388, 'ax': -0.84, 'ay': 0.01, 'az': 0.38, 'gx': -3.13, 'gy': 3.01, 'gz': -0.11}, {'t_us': 364654325, 'ax': -0.84, 'ay': 0.01, 'az': 0.38, 'gx': -3.16, 'gy': 3.13, 'gz': 0.15}, {'t_us': 364674354, 'ax': -0.84, 'ay': 0.01, 'az': 0.38, 'gx': -3.15, 'gy': 3.16, 'gz': -0.06}, {'t_us': 364694347, 'ax': -0.85, 'ay': 0.01, 'az': 0.37, 'gx': -3.3, 'gy': 3.13, 'gz': -0.08}, {'t_us': 364714344, 'ax': -0.85, 'ay': 0.01, 'az': 0.38, 'gx': -3.13, 'gy': 3.15, 'gz': -0.2}]",2026-02-02 10:29:57,0.0
"[{'t_us': 364739845, 'ax': -0.85, 'ay': 0.02, 'az': 0.38, 'gx': -3.22, 'gy': 2.92, 'gz': -0.27}, {'t_us': 364754295, 'ax': -0.84, 'ay': 0.01, 'az': 0.38, 'gx': -3.22, 'gy': 3.16, 'gz': -0.12}, {'t_us': 364774325, 'ax': -0.85, 'ay': 0.01, 'az': 0.37, 'gx': -3.51, 'gy': 3.1, 'gz': -0.15}, {'t_us': 364794359, 'ax': -0.85, 'ay': 0.01, 'az': 0.37, 'gx': -3.31, 'gy': 1.8, 'gz': -0.38}, {'t_us': 364814350, 'ax': -0.85, 'ay': 0.01, 'az': 0.38, 'gx': -3.34, 'gy': 1.73, 'gz': -0.12}]",2026-02-02 10:29:57,0.0
"[{'t_us': 364839139, 'ax': -0.84, 'ay': 0.02, 'az': 0.37, 'gx': -3.36, 'gy': 2.08, 'gz': -0.27}, {'t_us': 364854303, 'ax': -0.83, 'ay': 0.01, 'az': 0.37, 'gx': -3.6, 'gy': 2.02, 'gz': -0.12}, {'t_us': 364874295, 'ax': -0.84, 'ay': 0.02, 'az': 0.38, 'gx': -3.5, 'gy': 2.31, 'gz': -0.2}, {'t_us': 364894295, 'ax': -0.84, 'ay': 0.01, 'az': 0.38, 'gx': -3.53, 'gy': 3.04, 'gz': -0.21}, {'t_us': 364914325, 'ax': -0.84, 'ay': 0.01, 'az': 0.37, 'gx': -3.51, 'gy': 3.04, 'gz': -0.08}]",2026-02-02 10:29:57,0.0
"[{'t_us': 364940680, 'ax': -0.85, 'ay': 0.02, 'az': 0.38, 'gx': -3.71, 'gy': 3.5, 'gz': -0.02}, {'t_us': 364954359, 'ax': -0.84, 'ay': 0.01, 'az': 0.37, 'gx': -3.47, 'gy': 3.47, 'gz': -0.03}, {'t_us': 364974318, 'ax': -0.84, 'ay': 0.01, 'az': 0.38, 'gx': -3.6, 'gy': 3.31, 'gz': -0.18}, {'t_us': 364994325, 'ax': -0.85, 'ay': 0.02, 'az': 0.38, 'gx': -3.73, 'gy': 3.45, 'gz': -0.27}, {'t_us': 365014359, 'ax': -0.84, 'ay': 0.01, 'az': 0.37, 'gx': -3.63, 'gy': 3.45, 'gz': 0.0}]",2026-02-02 10:29:57,0.0
"[{'t_us': 365039462, 'ax': -0.85, 'ay': 0.01, 'az': 0.37, 'gx': -3.62, 'gy': 3.4, 'gz': -0.14}, {'t_us': 365054347, 'ax': -0.84, 'ay': 0.01, 'az': 0.38, 'gx': -3.63, 'gy': 3.62, 'gz': -0.12}, {'t_us': 365074350, 'ax': -0.84, 'ay': 0.01, 'az': 0.37, 'gx': -3.69, 'gy': 3.6, 'gz': -0.03}, {'t_us': 365094363, 'ax': -0.84, 'ay': 0.01, 'az': 0.38, 'gx': -3.56, 'gy': 3.5, 'gz': -0.23}, {'t_us': 365114318, 'ax': -0.85, 'ay': 0.01, 'az': 0.38, 'gx': -3.45, 'gy': 3.15, 'gz': -0.21}]",2026-02-02 10:29:57,0.0
"[{'t_us': 365142086, 'ax': -0.85, 'ay': 0.02, 'az': 0.37, 'gx': -3.5, 'gy': 3.24, 'gz': -0.31}, {'t_us': 365154359, 'ax': -0.84, 'ay': 0.01, 'az': 0.38, 'gx': -3.39, 'gy': 3.47, 'gz': -0.18}, {'t_us': 365174354, 'ax': -0.84, 'ay': 0.01, 'az': 0.37, 'gx': -3.37, 'gy': 3.53, 'gz': -0.15}, {'t_us': 365194363, 'ax': -0.85, 'ay': 0.01, 'az': 0.37, 'gx': -3.42, 'gy': 3.25, 'gz': -0.29}, {'t_us': 365214318, 'ax': -0.84, 'ay': 0.01, 'az': 0.38, 'gx': -3.6, 'gy': 2.63, 'gz': -0.27}]",2026-02-02 10:29:57,0.0
"[{'t_us': 365239520, 'ax': -0.85, 'ay': 0.01, 'az': 0.37, 'gx': -3.65, 'gy': 2.46, 'gz': -0.35}, {'t_us': 365254363, 'ax': -0.84, 'ay': 0.02, 'az': 0.38, 'gx': -3.44, 'gy': 2.75, 'gz': -0.09}, {'t_us': 365274295, 'ax': -0.85, 'ay': 0.01, 'az': 0.37, 'gx': -3.47, 'gy': 3.08, 'gz': -0.09}, {'t_us': 365294325, 'ax': -0.85, 'ay': 0.01, 'az': 0.38, 'gx': -3.5, 'gy': 2.89, 'gz': -0.14}, {'t_us': 365314303, 'ax': -0.85, 'ay': 0.02, 'az': 0.38, 'gx': -3.6, 'gy': 2.58, 'gz': -0.11}]",2026-02-02 10:29:57,0.0
"[{'t_us': 365338860, 'ax': -0.84, 'ay': 0.01, 'az': 0.37, 'gx': -3.47, 'gy': 2.98, 'gz': -0.18}, {'t_us': 365354363, 'ax': -0.84, 'ay': 0.01, 'az': 0.38, 'gx': -3.56, 'gy': 3.18, 'gz': 0.0}, {'t_us': 365374350, 'ax': -0.85, 'ay': 0.01, 'az': 0.39, 'gx': -3.69, 'gy': 3.45, 'gz': -0.12}, {'t_us': 365394354, 'ax': -0.84, 'ay': 0.01, 'az': 0.38, 'gx': -3.59, 'gy': 3.47, 'gz': -0.05}, {'t_us': 365414307, 'ax': -0.85, 'ay': 0.01, 'az': 0.38, 'gx': -3.56, 'gy': 3.18, 'gz': 0.05}]",2026-02-02 10:29:58,0.0
"[{'t_us': 365439378, 'ax': -0.84, 'ay': 0.02, 'az': 0.38, 'gx': -3.51, 'gy': 3.16, 'gz': -0.11}, {'t_us': 365456687, 'ax': -0.84, 'ay': 0.01, 'az': 0.37, 'gx': -3.59, 'gy': 3.73, 'gz': 0.0}, {'t_us': 365474300, 'ax': -0.85, 'ay': 0.01, 'az': 0.37, 'gx': -3.27, 'gy': 3.57, 'gz': 0.15}, {'t_us': 365494334, 'ax': -0.84, 'ay': 0.01, 'az': 0.38, 'gx': -3.36, 'gy': 3.11, 'gz': 0.18}, {'t_us': 365514333, 'ax': -0.85, 'ay': 0.01, 'az': 0.37, 'gx': -3.47, 'gy': 3.21, 'gz': 0.18}]",2026-02-02 10:29:58,0.0
"[{'t_us': 365541318, 'ax': -0.85, 'ay': 0.01, 'az': 0.37, 'gx': -3.33, 'gy': 2.49, 'gz': 0.18}, {'t_us': 365554309, 'ax': -0.84, 'ay': 0.01, 'az': 0.38, 'gx': -3.39, 'gy': 2.5, 'gz': 0.2}, {'t_us': 365574312, 'ax': -0.84, 'ay': 0.01, 'az': 0.38, 'gx': -3.42, 'gy': 3.13, 'gz': -0.05}, {'t_us': 365594295, 'ax': -0.84, 'ay': 0.01, 'az': 0.37, 'gx': -3.34, 'gy': 3.4, 'gz': -0.03}, {'t_us': 365614325, 'ax': -0.84, 'ay': 0.02, 'az': 0.38, 'gx': -3.71, 'gy': 3.45, 'gz': -0.24}]",2026-02-02 10:29:58,0.0
"[{'t_us': 365638817, 'ax': -0.84, 'ay': 0.02, 'az': 0.37, 'gx': -3.5, 'gy': 3.48, 'gz': 0.0}, {'t_us': 365654306, 'ax': -0.85, 'ay': 0.01, 'az': 0.38, 'gx': -3.53, 'gy': 3.37, 'gz': -0.09}, {'t_us': 365674312, 'ax': -0.84, 'ay': 0.02, 'az': 0.37, 'gx': -3.44, 'gy': 3.63, 'gz': -0.09}, {'t_us': 365694344, 'ax': -0.85, 'ay': 0.01, 'az': 0.37, 'gx': -3.5, 'gy': 3.79, 'gz': 0.03}, {'t_us': 365714307, 'ax': -0.84, 'ay': 0.02, 'az': 0.38, 'gx': -3.56, 'gy': 3.85, 'gz': 0.03}]",2026-02-02 10:29:58,0.0
"[{'t_us': 365740974, 'ax': -0.85, 'ay': 0.01, 'az': 0.37, 'gx': -3.6, 'gy': 4.27, 'gz': -0.21}, {'t_us': 365754300, 'ax': -0.85, 'ay': 0.02, 'az': 0.38, 'gx': -3.8, 'gy': 4.43, 'gz': 0.02}, {'t_us': 365774334, 'ax': -0.84, 'ay': 0.02, 'az': 0.37, 'gx': -3.68, 'gy': 4.41, 'gz': -0.15}, {'t_us': 365794366, 'ax': -0.85, 'ay': 0.02, 'az': 0.37, 'gx': -3.74, 'gy': 4.12, 'gz': -0.09}, {'t_us': 365814312, 'ax': -0.85, 'ay': 0.01, 'az': 0.38, 'gx': -3.63, 'gy': 3.57, 'gz': -0.02}]",2026-02-02 10:29:58,0.0
"[{'t_us': 365838913, 'ax': -0.85, 'ay': 0.02, 'az': 0.38, 'gx': -3.86, 'gy': 3.63, 'gz': -0.18}, {'t_us': 365854337, 'ax': -0.84, 'ay': 0.02, 'az': 0.38, 'gx': -3.69, 'gy': 3.97, 'gz': -0.17}, {'t_us': 365874354, 'ax': -0.84, 'ay': 0.01, 'az': 0.38, 'gx': -3.74, 'gy': 4.26, 'gz': -0.26}, {'t_us': 365894363, 'ax': -0.84, 'ay': 0.01, 'az': 0.37, 'gx': -3.85, 'gy': 4.37, 'gz': -0.15}, {'t_us': 365914318, 'ax': -0.85, 'ay': 0.02, 'az': 0.37, 'gx': -3.77, 'gy': 4.21, 'gz': -0.11}]",2026-02-02 10:29:58,0.0
"[{'t_us': 365940649, 'ax': -0.84, 'ay': 0.01, 'az': 0.37, 'gx': -3.71, 'gy': 3.77, 'gz': 0.14}, {'t_us': 365954350, 'ax': -0.84, 'ay': 0.01, 'az': 0.37, 'gx': -3.68, 'gy': 3.36, 'gz': -0.02}, {'t_us': 365974334, 'ax': -0.85, 'ay': 0.01, 'az': 0.37, 'gx': -3.59, 'gy': 3.21, 'gz': -0.2}, {'t_us': 365994344, 'ax': -0.85, 'ay': 0.01, 'az': 0.37, 'gx': -3.56, 'gy': 3.31, 'gz': -0.14}, {'t_us': 366014328, 'ax': -0.85, 'ay': 0.02, 'az': 0.37, 'gx': -3.42, 'gy': 3.74, 'gz': -0.31}]",2026-02-02 10:29:58,0.0
"[{'t_us': 366039223, 'ax': -0.85, 'ay': 0.02, 'az': 0.37, 'gx': -3.59, 'gy': 3.37, 'gz': -0.06}, {'t_us': 366054320, 'ax': -0.85, 'ay': 0.02, 'az': 0.37, 'gx': -3.48, 'gy': 2.96, 'gz': -0.06}, {'t_us': 366074350, 'ax': -0.85, 'ay': 0.02, 'az': 0.37, 'gx': -3.53, 'gy': 2.7, 'gz': -0.11}, {'t_us': 366094312, 'ax': -0.84, 'ay': 0.01, 'az': 0.37, 'gx': -3.42, 'gy': 2.98, 'gz': -0.17}, {'t_us': 366114312, 'ax': -0.85, 'ay': 0.02, 'az': 0.36, 'gx': -3.37, 'gy': 2.9, 'gz': -0.03}]",2026-02-02 10:29:58,0.0
"[{'t_us': 366139450, 'ax': -0.85, 'ay': 0.01, 'az': 0.37, 'gx': -3.25, 'gy': 2.81, 'gz': -0.15}, {'t_us': 366154329, 'ax': -0.85, 'ay': 0.01, 'az': 0.37, 'gx': -3.33, 'gy': 3.01, 'gz': -0.26}, {'t_us': 366174354, 'ax': -0.84, 'ay': 0.01, 'az': 0.37, 'gx': -3.44, 'gy': 3.27, 'gz': -0.2}, {'t_us': 366194307, 'ax': -0.85, 'ay': 0.01, 'az': 0.37, 'gx': -3.54, 'gy': 3.07, 'gz': -0.12}, {'t_us': 366214325, 'ax': -0.85, 'ay': 0.01, 'az': 0.38, 'gx': -3.56, 'gy': 2.92, 'gz': -0.12}]",2026-02-02 10:29:58,0.0
"[{'t_us': 366239109, 'ax': -0.85, 'ay': 0.02, 'az': 0.37, 'gx': -3.53, 'gy': 2.89, 'gz': -0.2}, {'t_us': 366254344, 'ax': -0.85, 'ay': 0.02, 'az': 0.36, 'gx': -3.69, 'gy': 1.97, 'gz': -0.12}, {'t_us': 366274319, 'ax': -0.84, 'ay': 0.02, 'az': 0.37, 'gx': -3.31, 'gy': 1.97, 'gz': -0.37}, {'t_us': 366294325, 'ax': -0.84, 'ay': 0.01, 'az': 0.37, 'gx': -3.42, 'gy': 2.12, 'gz': -0.26}, {'t_us': 366314354, 'ax': -0.84, 'ay': 0.02, 'az': 0.38, 'gx': -3.36, 'gy': 2.37, 'gz': -0.18}]",2026-02-02 10:29:58,0.0
"[{'t_us': 366339912, 'ax': -0.85, 'ay': 0.01, 'az': 0.38, 'gx': -3.51, 'gy': 2.69, 'gz': -0.27}, {'t_us': 366355887, 'ax': -0.85, 'ay': 0.01, 'az': 0.38, 'gx': -3.57, 'gy': 3.01, 'gz': -0.18}, {'t_us': 366374359, 'ax': -0.84, 'ay': 0.02, 'az': 0.37, 'gx': -3.66, 'gy': 3.05, 'gz': -0.15}, {'t_us': 366394312, 'ax': -0.85, 'ay': 0.01, 'az': 0.38, 'gx': -3.48, 'gy': 2.98, 'gz': -0.29}, {'t_us': 366414334, 'ax': -0.84, 'ay': 0.02, 'az': 0.37, 'gx': -3.48, 'gy': 2.87, 'gz': -0.12}]",2026-02-02 10:29:58,0.0
"[{'t_us': 366440485, 'ax': -0.85, 'ay': 0.02, 'az': 0.37, 'gx': -3.5, 'gy': 3.07, 'gz': -0.05}, {'t_us': 366454334, 'ax': -0.85, 'ay': 0.01, 'az': 0.38, 'gx': -3.45, 'gy': 3.24, 'gz': -0.09}, {'t_us': 366474318, 'ax': -0.85, 'ay': 0.01, 'az': 0.38, 'gx': -3.44, 'gy': 3.76, 'gz': -0.11}, {'t_us': 366494350, 'ax': -0.85, 'ay': 0.02, 'az': 0.37, 'gx': -3.69, 'gy': 3.42, 'gz': -0.12}, {'t_us': 366514307, 'ax': -0.84, 'ay': 0.01, 'az': 0.37, 'gx': -3.65, 'gy': 3.11, 'gz': -0.29}]",2026-02-02 10:29:59,0.0
"[{'t_us': 366540604, 'ax': -0.85, 'ay': 0.02, 'az': 0.37, 'gx': -3.51, 'gy': 3.05, 'gz': -0.24}, {'t_us': 366554318, 'ax': -0.84, 'ay': 0.02, 'az': 0.37, 'gx': -3.68, 'gy': 3.19, 'gz': -0.23}, {'t_us': 366574296, 'ax': -0.85, 'ay': 0.02, 'az': 0.38, 'gx': -3.51, 'gy': 3.08, 'gz': -0.12}, {'t_us': 366594344, 'ax': -0.85, 'ay': 0.02, 'az': 0.38, 'gx': -3.59, 'gy': 3.27, 'gz': -0.03}, {'t_us': 366614350, 'ax': -0.85, 'ay': 0.01, 'az': 0.38, 'gx': -3.54, 'gy': 3.08, 'gz': -0.12}]",2026-02-02 10:29:59,0.0
"[{'t_us': 366638676, 'ax': -0.84, 'ay': 0.01, 'az': 0.38, 'gx': -3.69, 'gy': 3.04, 'gz': -0.2}, {'t_us': 366654350, 'ax': -0.85, 'ay': 0.01, 'az': 0.37, 'gx': -3.62, 'gy': 3.02, 'gz': -0.18}, {'t_us': 366674354, 'ax': -0.85, 'ay': 0.01, 'az': 0.38, 'gx': -3.44, 'gy': 3.11, 'gz': -0.34}, {'t_us': 366694350, 'ax': -0.84, 'ay': 0.01, 'az': 0.38, 'gx': -3.51, 'gy': 3.22, 'gz': 0.02}, {'t_us': 366714303, 'ax': -0.85, 'ay': 0.01, 'az': 0.37, 'gx': -3.53, 'gy': 3.33, 'gz': 0.0}]",2026-02-02 10:29:59,0.0
"[{'t_us': 366738941, 'ax': -0.85, 'ay': 0.01, 'az': 0.37, 'gx': -3.39, 'gy': 2.96, 'gz': -0.08}, {'t_us': 366754316, 'ax': -0.84, 'ay': 0.01, 'az': 0.37, 'gx': -3.47, 'gy': 3.27, 'gz': 0.12}, {'t_us': 366774339, 'ax': -0.84, 'ay': 0.01, 'az': 0.38, 'gx': -3.25, 'gy': 3.27, 'gz': 0.46}, {'t_us': 366794354, 'ax': -0.85, 'ay': 0.01, 'az': 0.38, 'gx': -3.28, 'gy': 3.08, 'gz': 0.35}, {'t_us': 366814307, 'ax': -0.85, 'ay': 0.01, 'az': 0.37, 'gx': -3.25, 'gy': 3.16, 'gz': 0.08}]",2026-02-02 10:29:59,0.0
"[{'t_us': 366840521, 'ax': -0.85, 'ay': 0.01, 'az': 0.37, 'gx': -3.57, 'gy': 2.76, 'gz': -0.11}, {'t_us': 366854294, 'ax': -0.84, 'ay': 0.01, 'az': 0.38, 'gx': -3.62, 'gy': 2.87, 'gz': -0.05}, {'t_us': 366874334, 'ax': -0.85, 'ay': 0.01, 'az': 0.37, 'gx': -3.63, 'gy': 2.96, 'gz': -0.11}, {'t_us': 366894363, 'ax': -0.84, 'ay': 0.01, 'az': 0.37, 'gx': -3.71, 'gy': 2.66, 'gz': -0.24}, {'t_us': 366914363, 'ax': -0.84, 'ay': 0.02, 'az': 0.37, 'gx': -3.62, 'gy': 2.93, 'gz': -0.32}]",2026-02-02 10:29:59,0.0
"[{'t_us': 366939234, 'ax': -0.85, 'ay': 0.02, 'az': 0.38, 'gx': -3.66, 'gy': 3.53, 'gz': -0.46}, {'t_us': 366954300, 'ax': -0.85, 'ay': 0.02, 'az': 0.37, 'gx': -3.66, 'gy': 2.79, 'gz': -0.32}, {'t_us': 366974339, 'ax': -0.85, 'ay': 0.01, 'az': 0.36, 'gx': -3.53, 'gy': 2.06, 'gz': -0.52}, {'t_us': 366995647, 'ax': -0.84, 'ay': 0.02, 'az': 0.38, 'gx': -3.51, 'gy': 2.0, 'gz': -0.4}, {'t_us': 367014325, 'ax': -0.84, 'ay': 0.02, 'az': 0.38, 'gx': -3.56, 'gy': 2.2, 'gz': -0.35}]",2026-02-02 10:29:59,0.0
"[{'t_us': 367038742, 'ax': -0.84, 'ay': 0.02, 'az': 0.38, 'gx': -3.53, 'gy': 2.5, 'gz': -0.18}, {'t_us': 367054293, 'ax': -0.84, 'ay': 0.01, 'az': 0.38, 'gx': -3.71, 'gy': 2.96, 'gz': -0.18}, {'t_us': 367074325, 'ax': -0.84, 'ay': 0.01, 'az': 0.37, 'gx': -3.82, 'gy': 3.25, 'gz': -0.29}, {'t_us': 367094360, 'ax': -0.85, 'ay': 0.01, 'az': 0.38, 'gx': -3.79, 'gy': 3.1, 'gz': -0.21}, {'t_us': 367114334, 'ax': -0.85, 'ay': 0.01, 'az': 0.37, 'gx': -3.86, 'gy': 3.04, 'gz': -0.14}]",2026-02-02 10:29:59,0.0
"[{'t_us': 367138664, 'ax': -0.84, 'ay': 0.01, 'az': 0.38, 'gx': -3.66, 'gy': 2.93, 'gz': -0.14}, {'t_us': 367154320, 'ax': -0.84, 'ay': 0.01, 'az': 0.38, 'gx': -3.62, 'gy': 3.27, 'gz': -0.06}, {'t_us': 367174325, 'ax': -0.84, 'ay': 0.02, 'az': 0.37, 'gx': -3.79, 'gy': 3.62, 'gz': 0.08}, {'t_us': 367194318, 'ax': -0.84, 'ay': 0.02, 'az': 0.38, 'gx': -3.77, 'gy': 3.5, 'gz': -0.02}, {'t_us': 367214303, 'ax': -0.85, 'ay': 0.01, 'az': 0.37, 'gx': -3.57, 'gy': 3.36, 'gz': -0.08}]",2026-02-02 10:29:59,0.0
"[{'t_us': 367240594, 'ax': -0.84, 'ay': 0.01, 'az': 0.39, 'gx': -3.68, 'gy': 3.01, 'gz': -0.15}, {'t_us': 367254334, 'ax': -0.85, 'ay': 0.01, 'az': 0.38, 'gx': -3.59, 'gy': 3.22, 'gz': -0.26}, {'t_us': 367274354, 'ax': -0.84, 'ay': 0.02, 'az': 0.38, 'gx': -3.48, 'gy': 3.25, 'gz': -0.14}, {'t_us': 367294312, 'ax': -0.84, 'ay': 0.02, 'az': 0.37, 'gx': -3.37, 'gy': 3.54, 'gz': 0.03}, {'t_us': 367314339, 'ax': -0.84, 'ay': 0.01, 'az': 0.38, 'gx': -3.3, 'gy': 3.4, 'gz': -0.05}]",2026-02-02 10:29:59,0.0
"[{'t_us': 367338776, 'ax': -0.84, 'ay': 0.01, 'az': 0.38, 'gx': -3.4, 'gy': 3.44, 'gz': 0.0}, {'t_us': 367354294, 'ax': -0.85, 'ay': 0.01, 'az': 0.38, 'gx': -3.28, 'gy': 3.53, 'gz': 0.06}, {'t_us': 367374295, 'ax': -0.85, 'ay': 0.01, 'az': 0.37, 'gx': -3.15, 'gy': 3.54, 'gz': -0.06}, {'t_us': 367394300, 'ax': -0.84, 'ay': 0.01, 'az': 0.37, 'gx': -3.37, 'gy': 3.25, 'gz': -0.37}, {'t_us': 367414334, 'ax': -0.85, 'ay': 0.02, 'az': 0.37, 'gx': -3.27, 'gy': 3.16, 'gz': -0.21}]",2026-02-02 10:30:00,0.0
"[{'t_us': 367440486, 'ax': -0.85, 'ay': 0.01, 'az': 0.37, 'gx': -3.39, 'gy': 3.21, 'gz': -0.18}, {'t_us': 367454359, 'ax': -0.85, 'ay': 0.01, 'az': 0.38, 'gx': -3.28, 'gy': 3.42, 'gz': -0.21}, {'t_us': 367474312, 'ax': -0.85, 'ay': 0.01, 'az': 0.37, 'gx': -3.45, 'gy': 3.6, 'gz': -0.17}, {'t_us': 367494362, 'ax': -0.84, 'ay': 0.02, 'az': 0.38, 'gx': -3.39, 'gy': 3.33, 'gz': -0.02}, {'t_us': 367514359, 'ax': -0.85, 'ay': 0.02, 'az': 0.37, 'gx': -3.42, 'gy': 2.84, 'gz': -0.21}]",2026-02-02 10:30:00,0.0
"[{'t_us': 367540306, 'ax': -0.84, 'ay': 0.01, 'az': 0.38, 'gx': -3.45, 'gy': 2.37, 'gz': -0.31}, {'t_us': 367554363, 'ax': -0.84, 'ay': 0.02, 'az': 0.37, 'gx': -3.56, 'gy': 2.38, 'gz': -0.26}, {'t_us': 367574344, 'ax': -0.85, 'ay': 0.01, 'az': 0.38, 'gx': -3.45, 'gy': 2.73, 'gz': -0.06}, {'t_us': 367594347, 'ax': -0.84, 'ay': 0.01, 'az': 0.38, 'gx': -3.56, 'gy': 3.15, 'gz': 0.02}, {'t_us': 367614340, 'ax': -0.84, 'ay': 0.0, 'az': 0.37, 'gx': -3.69, 'gy': 2.99, 'gz': 0.14}]",2026-02-02 10:30:00,0.0
"[{'t_us': 367638668, 'ax': -0.85, 'ay': 0.01, 'az': 0.38, 'gx': -3.77, 'gy': 2.87, 'gz': 0.06}, {'t_us': 367654359, 'ax': -0.85, 'ay': 0.01, 'az': 0.38, 'gx': -3.65, 'gy': 3.04, 'gz': -0.15}, {'t_us': 367674312, 'ax': -0.85, 'ay': 0.01, 'az': 0.37, 'gx': -3.76, 'gy': 2.64, 'gz': -0.06}, {'t_us': 367694296, 'ax': -0.83, 'ay': 0.02, 'az': 0.37, 'gx': -3.51, 'gy': 2.0, 'gz': -0.11}, {'t_us': 367714303, 'ax': -0.83, 'ay': 0.02, 'az': 0.38, 'gx': -3.44, 'gy': 2.64, 'gz': 0.0}]",2026-02-02 10:30:00,0.0
"[{'t_us': 367739211, 'ax': -0.84, 'ay': 0.01, 'az': 0.39, 'gx': -3.34, 'gy': 3.37, 'gz': -0.03}, {'t_us': 367754325, 'ax': -0.84, 'ay': 0.01, 'az': 0.38, 'gx': -3.27, 'gy': 3.51, 'gz': 0.06}, {'t_us': 367774363, 'ax': -0.84, 'ay': 0.01, 'az': 0.39, 'gx': -3.27, 'gy': 3.62, 'gz': 0.14}, {'t_us': 367794325, 'ax': -0.84, 'ay': 0.01, 'az': 0.37, 'gx': -3.37, 'gy': 3.73, 'gz': 0.11}, {'t_us': 367814359, 'ax': -0.85, 'ay': 0.01, 'az': 0.38, 'gx': -3.37, 'gy': 3.69, 'gz': 0.08}]",2026-02-02 10:30:00,0.0
"[{'t_us': 367839178, 'ax': -0.85, 'ay': 0.02, 'az': 0.37, 'gx': -3.39, 'gy': 3.95, 'gz': 0.0}, {'t_us': 367856863, 'ax': -0.84, 'ay': 0.01, 'az': 0.37, 'gx': -3.25, 'gy': 3.56, 'gz': 0.05}, {'t_us': 367874318, 'ax': -0.85, 'ay': 0.01, 'az': 0.37, 'gx': -3.08, 'gy': 3.42, 'gz': 0.12}, {'t_us': 367894350, 'ax': -0.84, 'ay': 0.02, 'az': 0.37, 'gx': -3.54, 'gy': 3.92, 'gz': 0.24}, {'t_us': 367914341, 'ax': -0.85, 'ay': 0.02, 'az': 0.37, 'gx': -3.18, 'gy': 4.03, 'gz': -0.02}]",2026-02-02 10:30:00,0.0
"[{'t_us': 367940536, 'ax': -0.84, 'ay': 0.02, 'az': 0.38, 'gx': -3.47, 'gy': 3.57, 'gz': -0.06}, {'t_us': 367954318, 'ax': -0.85, 'ay': 0.02, 'az': 0.38, 'gx': -3.24, 'gy': 3.79, 'gz': -0.06}, {'t_us': 367974318, 'ax': -0.84, 'ay': 0.01, 'az': 0.38, 'gx': -3.4, 'gy': 3.88, 'gz': -0.08}, {'t_us': 367994350, 'ax': -0.84, 'ay': 0.01, 'az': 0.37, 'gx': -3.34, 'gy': 4.05, 'gz': 0.03}, {'t_us': 368014359, 'ax': -0.84, 'ay': 0.01, 'az': 0.37, 'gx': -3.51, 'gy': 3.83, 'gz': 0.02}]",2026-02-02 10:30:00,0.0
"[{'t_us': 368041239, 'ax': -0.84, 'ay': 0.02, 'az': 0.37, 'gx': -3.57, 'gy': 3.5, 'gz': -0.15}, {'t_us': 368054295, 'ax': -0.85, 'ay': 0.02, 'az': 0.39, 'gx': -3.51, 'gy': 3.63, 'gz': -0.23}, {'t_us': 368074307, 'ax': -0.85, 'ay': 0.02, 'az': 0.38, 'gx': -3.44, 'gy': 3.73, 'gz': -0.21}, {'t_us': 368094307, 'ax': -0.85, 'ay': 0.02, 'az': 0.38, 'gx': -3.5, 'gy': 3.71, 'gz': -0.09}, {'t_us': 368114344, 'ax': -0.85, 'ay': 0.02, 'az': 0.37, 'gx': -3.6, 'gy': 3.77, 'gz': 0.02}]",2026-02-02 10:30:00,0.0
"[{'t_us': 368138804, 'ax': -0.85, 'ay': 0.02, 'az': 0.37, 'gx': -3.76, 'gy': 3.56, 'gz': 0.03}, {'t_us': 368154350, 'ax': -0.85, 'ay': 0.01, 'az': 0.37, 'gx': -3.77, 'gy': 3.68, 'gz': -0.18}, {'t_us': 368174340, 'ax': -0.85, 'ay': 0.01, 'az': 0.37, 'gx': -3.65, 'gy': 3.59, 'gz': -0.2}, {'t_us': 368194344, 'ax': -0.85, 'ay': 0.01, 'az': 0.37, 'gx': -3.6, 'gy': 3.1, 'gz': -0.41}, {'t_us': 368214295, 'ax': -0.85, 'ay': 0.02, 'az': 0.37, 'gx': -3.57, 'gy': 3.02, 'gz': -0.2}]",2026-02-02 10:30:00,0.0
"[{'t_us': 368240914, 'ax': -0.84, 'ay': 0.02, 'az': 0.37, 'gx': -3.71, 'gy': 2.6, 'gz': -0.23}, {'t_us': 368254302, 'ax': -0.85, 'ay': 0.02, 'az': 0.37, 'gx': -3.65, 'gy': 2.76, 'gz': -0.14}, {'t_us': 368274325, 'ax': -0.85, 'ay': 0.01, 'az': 0.38, 'gx': -3.69, 'gy': 2.98, 'gz': -0.24}, {'t_us': 368294340, 'ax': -0.84, 'ay': 0.02, 'az': 0.37, 'gx': -3.71, 'gy': 3.42, 'gz': -0.09}, {'t_us': 368314344, 'ax': -0.84, 'ay': 0.02, 'az': 0.37, 'gx': -3.71, 'gy': 3.04, 'gz': -0.23}]",2026-02-02 10:30:01,0.0
"[{'t_us': 368340754, 'ax': -0.85, 'ay': 0.01, 'az': 0.38, 'gx': -3.54, 'gy': 2.64, 'gz': -0.38}, {'t_us': 368354328, 'ax': -0.85, 'ay': 0.01, 'az': 0.37, 'gx': -3.69, 'gy': 2.7, 'gz': -0.43}, {'t_us': 368374312, 'ax': -0.85, 'ay': 0.01, 'az': 0.38, 'gx': -3.65, 'gy': 2.82, 'gz': -0.58}, {'t_us': 368394359, 'ax': -0.85, 'ay': 0.02, 'az': 0.37, 'gx': -3.45, 'gy': 1.77, 'gz': -0.24}, {'t_us': 368414350, 'ax': -0.84, 'ay': 0.01, 'az': 0.38, 'gx': -3.42, 'gy': 1.48, 'gz': -0.21}]",2026-02-02 10:30:01,0.0
"[{'t_us': 368438927, 'ax': -0.84, 'ay': 0.02, 'az': 0.38, 'gx': -3.44, 'gy': 1.8, 'gz': -0.32}, {'t_us': 368454307, 'ax': -0.85, 'ay': 0.02, 'az': 0.38, 'gx': -3.36, 'gy': 2.21, 'gz': -0.37}, {'t_us': 368474340, 'ax': -0.84, 'ay': 0.02, 'az': 0.38, 'gx': -3.45, 'gy': 2.15, 'gz': -0.17}, {'t_us': 368494367, 'ax': -0.84, 'ay': 0.01, 'az': 0.37, 'gx': -3.6, 'gy': 2.53, 'gz': -0.23}, {'t_us': 368514312, 'ax': -0.84, 'ay': 0.02, 'az': 0.38, 'gx': -3.6, 'gy': 2.9, 'gz': -0.09}]",2026-02-02 10:30:01,0.0
"[{'t_us': 368540734, 'ax': -0.84, 'ay': 0.01, 'az': 0.37, 'gx': -3.56, 'gy': 3.04, 'gz': -0.15}, {'t_us': 368554300, 'ax': -0.84, 'ay': 0.02, 'az': 0.37, 'gx': -3.56, 'gy': 2.84, 'gz': -0.11}, {'t_us': 368574300, 'ax': -0.85, 'ay': 0.01, 'az': 0.37, 'gx': -3.34, 'gy': 2.69, 'gz': -0.17}, {'t_us': 368594334, 'ax': -0.84, 'ay': 0.01, 'az': 0.38, 'gx': -3.45, 'gy': 2.66, 'gz': -0.21}, {'t_us': 368614317, 'ax': -0.85, 'ay': 0.02, 'az': 0.38, 'gx': -3.53, 'gy': 3.07, 'gz': -0.15}]",2026-02-02 10:30:01,0.0
"[{'t_us': 368639219, 'ax': -0.84, 'ay': 0.02, 'az': 0.38, 'gx': -3.45, 'gy': 3.04, 'gz': -0.09}, {'t_us': 368654359, 'ax': -0.84, 'ay': 0.02, 'az': 0.38, 'gx': -3.59, 'gy': 2.81, 'gz': -0.05}, {'t_us': 368674354, 'ax': -0.85, 'ay': 0.02, 'az': 0.38, 'gx': -3.56, 'gy': 2.99, 'gz': -0.17}, {'t_us': 368694363, 'ax': -0.84, 'ay': 0.02, 'az': 0.37, 'gx': -3.4, 'gy': 3.15, 'gz': -0.18}, {'t_us': 368714304, 'ax': -0.85, 'ay': 0.02, 'az': 0.39, 'gx': -3.47, 'gy': 3.04, 'gz': -0.12}]",2026-02-02 10:30:01,0.0
"[{'t_us': 368739107, 'ax': -0.84, 'ay': 0.01, 'az': 0.39, 'gx': -3.45, 'gy': 2.99, 'gz': 0.12}, {'t_us': 368754361, 'ax': -0.85, 'ay': 0.01, 'az': 0.38, 'gx': -3.42, 'gy': 3.11, 'gz': 0.0}, {'t_us': 368774363, 'ax': -0.84, 'ay': 0.01, 'az': 0.38, 'gx': -3.56, 'gy': 2.87, 'gz': -0.38}, {'t_us': 368794318, 'ax': -0.85, 'ay': 0.02, 'az': 0.38, 'gx': -3.47, 'gy': 3.34, 'gz': -0.18}, {'t_us': 368814303, 'ax': -0.84, 'ay': 0.02, 'az': 0.38, 'gx': -3.45, 'gy': 3.33, 'gz': -0.18}]",2026-02-02 10:30:01,0.0
"[{'t_us': 368841286, 'ax': -0.84, 'ay': 0.01, 'az': 0.37, 'gx': -3.4, 'gy': 3.34, 'gz': -0.03}, {'t_us': 368854577, 'ax': -0.84, 'ay': 0.02, 'az': 0.38, 'gx': -3.3, 'gy': 3.15, 'gz': -0.02}, {'t_us': 368874303, 'ax': -0.85, 'ay': 0.01, 'az': 0.37, 'gx': -3.45, 'gy': 3.08, 'gz': -0.12}, {'t_us': 368894340, 'ax': -0.85, 'ay': 0.01, 'az': 0.38, 'gx': -3.48, 'gy': 2.93, 'gz': -0.17}, {'t_us': 368914359, 'ax': -0.85, 'ay': 0.02, 'az': 0.39, 'gx': -3.57, 'gy': 2.9, 'gz': -0.11}]",2026-02-02 10:30:01,0.0
"[{'t_us': 368940532, 'ax': -0.84, 'ay': 0.02, 'az': 0.38, 'gx': -3.53, 'gy': 2.79, 'gz': -0.21}, {'t_us': 368954344, 'ax': -0.84, 'ay': 0.02, 'az': 0.38, 'gx': -3.45, 'gy': 3.16, 'gz': -0.15}, {'t_us': 368974350, 'ax': -0.85, 'ay': 0.01, 'az': 0.38, 'gx': -3.48, 'gy': 3.05, 'gz': 0.03}, {'t_us': 368994303, 'ax': -0.85, 'ay': 0.02, 'az': 0.38, 'gx': -3.45, 'gy': 2.9, 'gz': -0.09}, {'t_us': 369014340, 'ax': -0.84, 'ay': 0.02, 'az': 0.38, 'gx': -3.5, 'gy': 2.92, 'gz': -0.06}]",2026-02-02 10:30:01,0.0
"[{'t_us': 369040456, 'ax': -0.85, 'ay': 0.02, 'az': 0.38, 'gx': -3.5, 'gy': 3.21, 'gz': -0.23}, {'t_us': 369054334, 'ax': -0.85, 'ay': 0.01, 'az': 0.38, 'gx': -3.56, 'gy': 2.99, 'gz': -0.06}, {'t_us': 369074344, 'ax': -0.84, 'ay': 0.01, 'az': 0.37, 'gx': -3.53, 'gy': 3.05, 'gz': -0.26}, {'t_us': 369094300, 'ax': -0.84, 'ay': 0.02, 'az': 0.38, 'gx': -3.44, 'gy': 3.19, 'gz': -0.27}, {'t_us': 369114372, 'ax': -0.85, 'ay': 0.02, 'az': 0.38, 'gx': -3.53, 'gy': 2.5, 'gz': -0.29}]",2026-02-02 10:30:01,0.0
"[{'t_us': 369139354, 'ax': -0.84, 'ay': 0.02, 'az': 0.37, 'gx': -3.4, 'gy': 1.6, 'gz': -0.18}, {'t_us': 369156494, 'ax': -0.84, 'ay': 0.02, 'az': 0.38, 'gx': -3.31, 'gy': 1.8, 'gz': -0.18}, {'t_us': 369174340, 'ax': -0.84, 'ay': 0.01, 'az': 0.38, 'gx': -3.31, 'gy': 2.26, 'gz': -0.27}, {'t_us': 369194303, 'ax': -0.84, 'ay': 0.01, 'az': 0.39, 'gx': -3.37, 'gy': 2.82, 'gz': -0.02}, {'t_us': 369214340, 'ax': -0.84, 'ay': 0.02, 'az': 0.38, 'gx': -3.42, 'gy': 3.04, 'gz': -0.03}]",2026-02-02 10:30:01,0.0
"[{'t_us': 369239591, 'ax': -0.85, 'ay': 0.02, 'az': 0.37, 'gx': -3.51, 'gy': 3.02, 'gz': -0.09}, {'t_us': 369254340, 'ax': -0.84, 'ay': 0.01, 'az': 0.37, 'gx': -3.5, 'gy': 3.04, 'gz': -0.14}, {'t_us': 369274344, 'ax': -0.84, 'ay': 0.01, 'az': 0.38, 'gx': -3.42, 'gy': 3.13, 'gz': -0.08}, {'t_us': 369294300, 'ax': -0.85, 'ay': 0.01, 'az': 0.39, 'gx': -3.39, 'gy': 2.96, 'gz': -0.06}, {'t_us': 369314334, 'ax': -0.84, 'ay': 0.02, 'az': 0.38, 'gx': -3.47, 'gy': 2.96, 'gz': -0.21}]",2026-02-02 10:30:01,0.0
"[{'t_us': 369339102, 'ax': -0.84, 'ay': 0.01, 'az': 0.38, 'gx': -3.56, 'gy': 3.63, 'gz': 0.08}, {'t_us': 369354350, 'ax': -0.84, 'ay': 0.02, 'az': 0.38, 'gx': -3.4, 'gy': 3.66, 'gz': -0.05}, {'t_us': 369374359, 'ax': -0.84, 'ay': 0.01, 'az': 0.37, 'gx': -3.44, 'gy': 3.16, 'gz': -0.08}, {'t_us': 369394363, 'ax': -0.85, 'ay': 0.01, 'az': 0.38, 'gx': -3.39, 'gy': 3.1, 'gz': -0.17}, {'t_us': 369414359, 'ax': -0.84, 'ay': 0.01, 'az': 0.39, 'gx': -3.59, 'gy': 3.05, 'gz': -0.31}]",2026-02-02 10:30:02,0.0
"[{'t_us': 369441173, 'ax': -0.84, 'ay': 0.02, 'az': 0.38, 'gx': -3.39, 'gy': 3.16, 'gz': -0.08}, {'t_us': 369454304, 'ax': -0.84, 'ay': 0.01, 'az': 0.38, 'gx': -3.44, 'gy': 3.33, 'gz': -0.02}, {'t_us': 369474359, 'ax': -0.85, 'ay': 0.02, 'az': 0.38, 'gx': -3.68, 'gy': 3.22, 'gz': -0.11}, {'t_us': 369494312, 'ax': -0.84, 'ay': 0.02, 'az': 0.39, 'gx': -3.59, 'gy': 3.28, 'gz': -0.12}, {'t_us': 369514344, 'ax': -0.84, 'ay': 0.02, 'az': 0.38, 'gx': -3.44, 'gy': 3.19, 'gz': -0.03}]",2026-02-02 10:30:02,0.0
"[{'t_us': 369539386, 'ax': -0.85, 'ay': 0.01, 'az': 0.38, 'gx': -3.57, 'gy': 3.42, 'gz': 0.02}, {'t_us': 369554300, 'ax': -0.84, 'ay': 0.02, 'az': 0.38, 'gx': -3.44, 'gy': 3.31, 'gz': -0.15}, {'t_us': 369574295, 'ax': -0.85, 'ay': 0.01, 'az': 0.38, 'gx': -3.66, 'gy': 3.28, 'gz': -0.12}, {'t_us': 369594295, 'ax': -0.85, 'ay': 0.02, 'az': 0.38, 'gx': -3.56, 'gy': 3.28, 'gz': -0.29}, {'t_us': 369614359, 'ax': -0.85, 'ay': 0.02, 'az': 0.37, 'gx': -3.51, 'gy': 3.47, 'gz': -0.06}]",2026-02-02 10:30:02,0.0
"[{'t_us': 369638941, 'ax': -0.84, 'ay': 0.01, 'az': 0.37, 'gx': -3.66, 'gy': 3.02, 'gz': -0.08}, {'t_us': 369654317, 'ax': -0.84, 'ay': 0.02, 'az': 0.38, 'gx': -3.53, 'gy': 2.66, 'gz': -0.26}, {'t_us': 369674334, 'ax': -0.84, 'ay': 0.02, 'az': 0.37, 'gx': -3.68, 'gy': 2.92, 'gz': -0.23}, {'t_us': 369694344, 'ax': -0.84, 'ay': 0.02, 'az': 0.4, 'gx': -3.74, 'gy': 3.08, 'gz': -0.11}, {'t_us': 369714344, 'ax': -0.84, 'ay': 0.01, 'az': 0.38, 'gx': -3.63, 'gy': 3.15, 'gz': -0.18}]",2026-02-02 10:30:02,0.0
"[{'t_us': 369739634, 'ax': -0.85, 'ay': 0.01, 'az': 0.38, 'gx': -3.74, 'gy': 3.08, 'gz': 0.11}, {'t_us': 369754325, 'ax': -0.84, 'ay': 0.02, 'az': 0.38, 'gx': -3.92, 'gy': 3.08, 'gz': 0.18}, {'t_us': 369774303, 'ax': -0.84, 'ay': 0.02, 'az': 0.38, 'gx': -4.02, 'gy': 3.1, 'gz': 0.11}, {'t_us': 369794300, 'ax': -0.84, 'ay': 0.02, 'az': 0.39, 'gx': -4.08, 'gy': 3.25, 'gz': 0.12}, {'t_us': 369814334, 'ax': -0.84, 'ay': 0.01, 'az': 0.38, 'gx': -4.12, 'gy': 3.44, 'gz': -0.23}]",2026-02-02 10:30:02,0.0
"[{'t_us': 369839010, 'ax': -0.83, 'ay': 0.02, 'az': 0.39, 'gx': -4.23, 'gy': 3.8, 'gz': -0.02}, {'t_us': 369854350, 'ax': -0.85, 'ay': 0.02, 'az': 0.38, 'gx': -4.24, 'gy': 3.82, 'gz': 0.21}, {'t_us': 369874350, 'ax': -0.84, 'ay': 0.02, 'az': 0.39, 'gx': -4.53, 'gy': 3.36, 'gz': 0.2}, {'t_us': 369894354, 'ax': -0.83, 'ay': 0.02, 'az': 0.38, 'gx': -4.5, 'gy': 3.62, 'gz': 0.35}, {'t_us': 369914307, 'ax': -0.84, 'ay': 0.02, 'az': 0.38, 'gx': -4.5, 'gy': 3.82, 'gz': 0.0}]",2026-02-02 10:30:02,0.0
"[{'t_us': 369939087, 'ax': -0.85, 'ay': 0.02, 'az': 0.38, 'gx': -4.53, 'gy': 4.15, 'gz': -0.11}, {'t_us': 369955066, 'ax': -0.85, 'ay': 0.02, 'az': 0.37, 'gx': -4.44, 'gy': 3.21, 'gz': -0.15}, {'t_us': 369974295, 'ax': -0.84, 'ay': 0.02, 'az': 0.37, 'gx': -4.26, 'gy': 3.08, 'gz': -0.12}, {'t_us': 369994325, 'ax': -0.83, 'ay': 0.01, 'az': 0.38, 'gx': -4.05, 'gy': 4.27, 'gz': -0.35}, {'t_us': 370014307, 'ax': -0.84, 'ay': 0.02, 'az': 0.39, 'gx': -3.79, 'gy': 5.02, 'gz': -0.09}]",2026-02-02 10:30:02,0.0
"[{'t_us': 370040510, 'ax': -0.85, 'ay': 0.01, 'az': 0.38, 'gx': -3.44, 'gy': 5.21, 'gz': 0.92}, {'t_us': 370054352, 'ax': -0.86, 'ay': 0.02, 'az': 0.38, 'gx': -2.46, 'gy': 6.09, 'gz': 1.48}, {'t_us': 370074354, 'ax': -0.84, 'ay': 0.02, 'az': 0.37, 'gx': -3.05, 'gy': 6.95, 'gz': 1.13}, {'t_us': 370094344, 'ax': -0.85, 'ay': 0.02, 'az': 0.38, 'gx': -3.07, 'gy': 7.89, 'gz': 0.75}, {'t_us': 370114344, 'ax': -0.88, 'ay': 0.01, 'az': 0.39, 'gx': -0.9, 'gy': 7.73, 'gz': 3.27}]",2026-02-02 10:30:02,0.0
"[{'t_us': 370138762, 'ax': -0.84, 'ay': 0.02, 'az': 0.37, 'gx': 0.02, 'gy': 4.82, 'gz': 3.3}, {'t_us': 370154303, 'ax': -0.83, 'ay': 0.01, 'az': 0.37, 'gx': 0.18, 'gy': 7.02, 'gz': 1.45}, {'t_us': 370174303, 'ax': -0.83, 'ay': 0.01, 'az': 0.37, 'gx': 0.41, 'gy': 9.5, 'gz': -0.92}, {'t_us': 370194340, 'ax': -0.84, 'ay': 0.02, 'az': 0.36, 'gx': 0.11, 'gy': 13.8, 'gz': -2.37}, {'t_us': 370214325, 'ax': -0.83, 'ay': 0.03, 'az': 0.37, 'gx': -0.31, 'gy': 16.89, 'gz': -2.49}]",2026-02-02 10:30:02,0.0
"[{'t_us': 370239084, 'ax': -0.83, 'ay': 0.04, 'az': 0.4, 'gx': -0.31, 'gy': 17.73, 'gz': -2.24}, {'t_us': 370254325, 'ax': -0.83, 'ay': 0.05, 'az': 0.4, 'gx': 0.02, 'gy': 17.16, 'gz': -0.37}, {'t_us': 370274325, 'ax': -0.82, 'ay': 0.04, 'az': 0.4, 'gx': 0.98, 'gy': 19.18, 'gz': 3.24}, {'t_us': 370294340, 'ax': -0.83, 'ay': 0.02, 'az': 0.38, 'gx': 0.92, 'gy': 22.96, 'gz': 4.24}, {'t_us': 370314305, 'ax': -0.84, 'ay': 0.01, 'az': 0.38, 'gx': 0.47, 'gy': 28.5, 'gz': 5.16}]",2026-02-02 10:30:02,0.0
"[{'t_us': 370340489, 'ax': -0.86, 'ay': 0.01, 'az': 0.35, 'gx': 1.18, 'gy': 33.65, 'gz': 4.41}, {'t_us': 370354468, 'ax': -0.87, 'ay': 0.01, 'az': 0.34, 'gx': 1.5, 'gy': 33.71, 'gz': 3.63}, {'t_us': 370374300, 'ax': -0.86, 'ay': 0.03, 'az': 0.35, 'gx': 1.57, 'gy': 33.89, 'gz': 3.59}, {'t_us': 370394334, 'ax': -0.84, 'ay': 0.03, 'az': 0.35, 'gx': 1.44, 'gy': 34.85, 'gz': 4.72}, {'t_us': 370414354, 'ax': -0.82, 'ay': 0.02, 'az': 0.35, 'gx': 1.5, 'gy': 37.25, 'gz': 4.63}]",2026-02-02 10:30:03,0.0
"[{'t_us': 370438983, 'ax': -0.82, 'ay': 0.01, 'az': 0.34, 'gx': 0.7, 'gy': 41.79, 'gz': 2.49}, {'t_us': 370454334, 'ax': -0.83, 'ay': 0.01, 'az': 0.33, 'gx': 0.95, 'gy': 44.64, 'gz': 2.4}, {'t_us': 370474334, 'ax': -0.86, 'ay': 0.01, 'az': 0.32, 'gx': 0.56, 'gy': 46.53, 'gz': 1.53}, {'t_us': 370494344, 'ax': -0.85, 'ay': 0.03, 'az': 0.33, 'gx': 1.66, 'gy': 45.56, 'gz': 2.29}, {'t_us': 370514311, 'ax': -0.83, 'ay': 0.05, 'az': 0.31, 'gx': 2.95, 'gy': 48.81, 'gz': 5.76}]",2026-02-02 10:30:03,0.0
"[{'t_us': 370540545, 'ax': -0.89, 'ay': 0.07, 'az': 0.23, 'gx': -0.49, 'gy': 56.21, 'gz': 9.05}, {'t_us': 370554758, 'ax': -0.96, 'ay': 0.07, 'az': 0.18, 'gx': -5.15, 'gy': 59.98, 'gz': 10.43}, {'t_us': 370574307, 'ax': -1.07, 'ay': 0.07, 'az': 0.19, 'gx': -13.1, 'gy': 60.72, 'gz': 14.98}, {'t_us': 370594340, 'ax': -1.22, 'ay': 0.07, 'az': 0.16, 'gx': -17.95, 'gy': 67.76, 'gz': 12.82}, {'t_us': 370614344, 'ax': -1.28, 'ay': 0.02, 'az': 0.13, 'gx': -14.12, 'gy': 76.93, 'gz': 7.25}]",2026-02-02 10:30:03,0.0
"[{'t_us': 370638761, 'ax': -1.29, 'ay': 0.12, 'az': 0.19, 'gx': -6.85, 'gy': 77.28, 'gz': 3.76}, {'t_us': 370654339, 'ax': -1.22, 'ay': 0.13, 'az': 0.2, 'gx': -2.2, 'gy': 81.45, 'gz': 8.92}, {'t_us': 370674312, 'ax': -1.2, 'ay': 0.09, 'az': 0.13, 'gx': -0.56, 'gy': 86.75, 'gz': 11.16}, {'t_us': 370694344, 'ax': -1.16, 'ay': 0.12, 'az': 0.1, 'gx': -3.07, 'gy': 78.63, 'gz': 7.88}, {'t_us': 370714295, 'ax': -1.11, 'ay': 0.14, 'az': 0.07, 'gx': -6.55, 'gy': 71.34, 'gz': 6.96}]",2026-02-02 10:30:03,0.0
"[{'t_us': 370740992, 'ax': -1.04, 'ay': 0.12, 'az': -0.05, 'gx': -10.41, 'gy': 67.65, 'gz': 6.31}, {'t_us': 370754319, 'ax': -1.02, 'ay': 0.11, 'az': -0.06, 'gx': -11.36, 'gy': 67.13, 'gz': 2.99}, {'t_us': 370774363, 'ax': -1.0, 'ay': 0.07, 'az': -0.11, 'gx': -12.53, 'gy': 64.87, 'gz': 3.04}, {'t_us': 370794325, 'ax': -1.0, 'ay': 0.07, 'az': -0.16, 'gx': -11.1, 'gy': 66.98, 'gz': 5.37}, {'t_us': 370814340, 'ax': -0.99, 'ay': 0.05, 'az': -0.2, 'gx': -8.72, 'gy': 66.72, 'gz': 2.75}]",2026-02-02 10:30:03,0.0
"[{'t_us': 370840550, 'ax': -0.97, 'ay': 0.07, 'az': -0.23, 'gx': -4.44, 'gy': 66.84, 'gz': 0.03}, {'t_us': 370854363, 'ax': -1.01, 'ay': 0.08, 'az': -0.26, 'gx': -2.64, 'gy': 67.76, 'gz': -1.56}, {'t_us': 370874307, 'ax': -1.02, 'ay': 0.1, 'az': -0.28, 'gx': -1.36, 'gy': 64.58, 'gz': -1.27}, {'t_us': 370894307, 'ax': -1.0, 'ay': 0.1, 'az': -0.28, 'gx': -1.04, 'gy': 64.08, 'gz': -0.17}, {'t_us': 370914373, 'ax': -0.99, 'ay': 0.09, 'az': -0.28, 'gx': -0.23, 'gy': 61.83, 'gz': -2.23}]",2026-02-02 10:30:03,0.0
"[{'t_us': 370940980, 'ax': -0.99, 'ay': 0.08, 'az': -0.28, 'gx': 0.03, 'gy': 59.79, 'gz': -2.93}, {'t_us': 370954323, 'ax': -0.97, 'ay': 0.1, 'az': -0.29, 'gx': -0.89, 'gy': 59.36, 'gz': -2.18}, {'t_us': 370974301, 'ax': -0.94, 'ay': 0.08, 'az': -0.3, 'gx': -2.27, 'gy': 57.59, 'gz': -2.43}, {'t_us': 370994307, 'ax': -0.91, 'ay': 0.08, 'az': -0.3, 'gx': -2.6, 'gy': 57.24, 'gz': -5.04}, {'t_us': 371014340, 'ax': -0.9, 'ay': 0.09, 'az': -0.32, 'gx': -3.28, 'gy': 56.03, 'gz': -6.46}]",2026-02-02 10:30:03,0.0
"[{'t_us': 371039057, 'ax': -0.88, 'ay': 0.07, 'az': -0.32, 'gx': -3.8, 'gy': 53.54, 'gz': -5.8}, {'t_us': 371054366, 'ax': -0.88, 'ay': 0.07, 'az': -0.33, 'gx': -4.41, 'gy': 51.4, 'gz': -6.66}, {'t_us': 371074300, 'ax': -0.88, 'ay': 0.07, 'az': -0.36, 'gx': -4.55, 'gy': 47.83, 'gz': -7.22}, {'t_us': 371094334, 'ax': -0.87, 'ay': 0.06, 'az': -0.35, 'gx': -4.18, 'gy': 44.98, 'gz': -8.11}, {'t_us': 371114340, 'ax': -0.85, 'ay': 0.07, 'az': -0.36, 'gx': -5.34, 'gy': 38.63, 'gz': -6.89}]",2026-02-02 10:30:03,0.0
"[{'t_us': 371138710, 'ax': -0.86, 'ay': 0.06, 'az': -0.36, 'gx': -5.37, 'gy': 32.11, 'gz': -6.17}, {'t_us': 371154293, 'ax': -0.86, 'ay': 0.06, 'az': -0.37, 'gx': -4.79, 'gy': 24.92, 'gz': -7.4}, {'t_us': 371174325, 'ax': -0.86, 'ay': 0.05, 'az': -0.39, 'gx': -4.26, 'gy': 13.71, 'gz': -9.59}, {'t_us': 371194325, 'ax': -0.88, 'ay': 0.04, 'az': -0.4, 'gx': -3.53, 'gy': 6.47, 'gz': -10.15}, {'t_us': 371214334, 'ax': -0.88, 'ay': 0.04, 'az': -0.4, 'gx': -3.02, 'gy': -0.32, 'gz': -9.47}]",2026-02-02 10:30:03,0.0
"[{'t_us': 371240987, 'ax': -0.9, 'ay': 0.03, 'az': -0.4, 'gx': -1.65, 'gy': -12.5, 'gz': -10.24}, {'t_us': 371254350, 'ax': -0.9, 'ay': 0.03, 'az': -0.39, 'gx': -1.97, 'gy': -18.7, 'gz': -9.8}, {'t_us': 371274331, 'ax': -0.88, 'ay': 0.03, 'az': -0.37, 'gx': -1.42, 'gy': -21.63, 'gz': -11.54}, {'t_us': 371294295, 'ax': -0.91, 'ay': 0.04, 'az': -0.35, 'gx': 1.4, 'gy': -25.24, 'gz': -13.77}, {'t_us': 371314300, 'ax': -0.88, 'ay': 0.03, 'az': -0.36, 'gx': 3.39, 'gy': -25.11, 'gz': -15.51}]",2026-02-02 10:30:03,0.0
"[{'t_us': 371339215, 'ax': -0.91, 'ay': -0.01, 'az': -0.32, 'gx': 6.95, 'gy': -27.37, 'gz': -17.62}, {'t_us': 371354309, 'ax': -0.92, 'ay': -0.01, 'az': -0.31, 'gx': 9.44, 'gy': -25.85, 'gz': -18.7}, {'t_us': 371374921, 'ax': -0.9, 'ay': -0.01, 'az': -0.32, 'gx': 9.63, 'gy': -27.83, 'gz': -21.11}, {'t_us': 371394350, 'ax': -0.89, 'ay': -0.01, 'az': -0.28, 'gx': 7.1, 'gy': -27.37, 'gz': -23.25}, {'t_us': 371414303, 'ax': -0.9, 'ay': 0.01, 'az': -0.27, 'gx': 4.49, 'gy': -21.74, 'gz': -22.85}]",2026-02-02 10:30:04,0.0
"[{'t_us': 371440883, 'ax': -0.9, 'ay': 0.0, 'az': -0.25, 'gx': 0.26, 'gy': -26.17, 'gz': -16.43}, {'t_us': 371454312, 'ax': -0.88, 'ay': -0.01, 'az': -0.23, 'gx': 0.96, 'gy': -18.93, 'gz': -13.51}, {'t_us': 371474363, 'ax': -0.91, 'ay': -0.02, 'az': -0.21, 'gx': 2.79, 'gy': -5.36, 'gz': -13.51}, {'t_us': 371494359, 'ax': -0.91, 'ay': -0.02, 'az': -0.26, 'gx': 2.72, 'gy': -3.59, 'gz': -13.1}, {'t_us': 371514365, 'ax': -0.9, 'ay': -0.02, 'az': -0.28, 'gx': 2.63, 'gy': -6.55, 'gz': -11.04}]",2026-02-02 10:30:04,0.0
"[{'t_us': 371540424, 'ax': -0.84, 'ay': -0.02, 'az': -0.26, 'gx': 0.61, 'gy': -11.76, 'gz': -7.22}, {'t_us': 371554306, 'ax': -0.84, 'ay': -0.03, 'az': -0.26, 'gx': -0.05, 'gy': -12.52, 'gz': -4.66}, {'t_us': 371574340, 'ax': -0.83, 'ay': -0.05, 'az': -0.26, 'gx': -1.1, 'gy': -7.6, 'gz': -4.47}, {'t_us': 371594325, 'ax': -0.85, 'ay': -0.05, 'az': -0.25, 'gx': -0.03, 'gy': -2.55, 'gz': -6.38}, {'t_us': 371614334, 'ax': -0.85, 'ay': -0.05, 'az': -0.26, 'gx': 1.28, 'gy': -2.26, 'gz': -5.97}]",2026-02-02 10:30:04,0.0
"[{'t_us': 371638836, 'ax': -0.84, 'ay': -0.05, 'az': -0.28, 'gx': -0.06, 'gy': -4.56, 'gz': -3.02}, {'t_us': 371654295, 'ax': -0.83, 'ay': -0.04, 'az': -0.28, 'gx': -2.2, 'gy': -3.4, 'gz': -1.77}, {'t_us': 371674325, 'ax': -0.85, 'ay': -0.03, 'az': -0.28, 'gx': -3.54, 'gy': -2.38, 'gz': -0.03}, {'t_us': 371694359, 'ax': -0.87, 'ay': -0.05, 'az': -0.25, 'gx': -3.19, 'gy': -1.94, 'gz': 0.73}, {'t_us': 371714312, 'ax': -0.88, 'ay': -0.05, 'az': -0.27, 'gx': -3.4, 'gy': -0.2, 'gz': 0.67}]",2026-02-02 10:30:04,0.0
"[{'t_us': 371738697, 'ax': -0.91, 'ay': -0.03, 'az': -0.29, 'gx': -5.24, 'gy': -0.31, 'gz': 0.32}, {'t_us': 371754334, 'ax': -0.9, 'ay': -0.03, 'az': -0.31, 'gx': -5.44, 'gy': -3.13, 'gz': 0.18}, {'t_us': 371774355, 'ax': -0.9, 'ay': -0.02, 'az': -0.27, 'gx': -4.27, 'gy': -5.01, 'gz': 1.34}, {'t_us': 371794325, 'ax': -0.9, 'ay': -0.02, 'az': -0.26, 'gx': -3.6, 'gy': -6.35, 'gz': 3.86}, {'t_us': 371814339, 'ax': -0.91, 'ay': -0.04, 'az': -0.3, 'gx': -4.24, 'gy': -7.95, 'gz': 2.73}]",2026-02-02 10:30:04,
